{"cameraMode":{"drawMode":0,"name":"Shaded","section":"Shading Mode"},"sceneLighting":true,"audioPlay":false,"sceneViewState":{"showFog":true,"showMaterialUpdate":false,"showSkybox":true,"showFlares":true,"showImageEffects":true,"showParticleSystems":true},"in2DMode":false,"pivot":{"x":235.41165161132813,"y":113.3548355102539,"z":-2.05389404296875},"rotation":{"x":0.0011138793779537082,"y":0.9987962245941162,"z":-0.02728363312780857,"w":0.04077425226569176},"size":362.576416015625,"orthographic":false}